<?xml version="1.0" encoding="UTF-8"?>
<project-private xmlns="http://www.netbeans.org/ns/project-private/1">
    <editor-bookmarks xmlns="http://www.netbeans.org/ns/editor-bookmarks/2" lastBookmarkId="0"/>
    <open-files xmlns="http://www.netbeans.org/ns/projectui-open-files/2">
        <group>
            <file>file:/D:/k/Semester%205/Sistem%20Terdistribusi/sister/src/RAHMI200923/PrintNameThread3.java</file>
            <file>file:/D:/k/Semester%205/Sistem%20Terdistribusi/sister/src/RAHMI200923/PrintNameThread.java</file>
            <file>file:/D:/k/Semester%205/Sistem%20Terdistribusi/sister/src/RAHMI200923/AnimatedBannerApp.java</file>
        </group>
    </open-files>
</project-private>
